id,volunteer_name,age,gender,skills,availability,location,Type_of_Organization
1,"John Smith",25,Male,"Animal care, Customer service",Weekends,Delhi,"Pet and Animal Service"
2,"Sarah Johnson",30,Female,"Healthcare, Communication",Weekdays,Mumbai,"Healthcare"
3,"Michael Brown",35,Male,"Youth mentoring, Teaching",Flexible,Bangalore,"Youth Development"
4,"Emily Davis",22,Female,"Event planning, Social media",Evenings,Chennai,"Youth Development"
5,"Daniel Wilson",28,Male,"Data analysis, Fundraising",Weekdays,Kolkata,"Healthcare"
6,"Jessica Thompson",27,Female,"Pet grooming, Photography",Weekends,Delhi,"Pet and Animal Service"
7,"Ryan Anderson",31,Male,"First aid, Counseling",Flexible,Mumbai,"Healthcare"
8,"Olivia Martinez",24,Female,"Tutoring, Leadership development",Weekdays,Bangalore,"Youth Development"
9,"Ethan Harris",29,Male,"Graphic design, Marketing",Weekends,Chennai,"Pet and Animal Service"
10,"Ava Lewis",26,Female,"Nursing, Elderly care",Weekdays,Kolkata,"Healthcare"
11,"Benjamin Wright",23,Male,"Sports coaching, Team management",Evenings,Delhi,"Youth Development"
12,"Mia Turner",32,Female,"Veterinary assistance, Animal rescue",Flexible,Mumbai,"Pet and Animal Service"
13,"Samuel Green",27,Male,"Research, Lab assistance",Weekdays,Bangalore,"Healthcare"
14,"Lily Walker",25,Female,"Mentoring, Community outreach",Weekends,Chennai,"Youth Development"
15,"Noah Turner",33,Male,"Dog walking, Pet adoption",Weekdays,Kolkata,"Pet and Animal Service"
16,"Sophia Clark",28,Female,"Nutrition, Health education",Flexible,Delhi,"Healthcare"
17,"James Evans",26,Male,"Tutoring, Career guidance",Weekends,Mumbai,"Youth Development"
18,"Mia Hernandez",24,Female,"Animal shelter volunteering",Weekdays,Bangalore,"Pet and Animal Service"
19,"Ethan Adams",29,Male,"Medical coding, Administrative tasks",Weekdays,Chennai,"Healthcare"
20,"Harper Lewis",27,Female,"Childcare, Mentoring",Flexible,Kolkata,"Youth Development"
21,"Oliver Wilson",27,Male,"Environmental conservation, Gardening",Weekdays,Delhi,"Pet and Animal Service"
22,"Amelia Adams",31,Female,"Counseling, Mental health support",Flexible,Mumbai,"Healthcare"
23,"Benjamin Cooper",24,Male,"Leadership development, Sports coaching",Evenings,Bangalore,"Youth Development"
24,"Harper Turner",22,Female,"Social media management, Event coordination",Weekends,Chennai,"Youth Development"
25,"Liam Thompson",28,Male,"Veterinary assistance, Animal behavior",Flexible,Kolkata,"Pet and Animal Service"
26,"Emily Martinez",26,Female,"Nursing, Medical assistance",Weekdays,Delhi,"Healthcare"
27,"Ethan Roberts",25,Male,"Teaching, Youth mentoring",Weekends,Mumbai,"Youth Development"
28,"Sophia Harris",29,Female,"Photography, Creative design",Flexible,Bangalore,"Pet and Animal Service"
29,"Lucas Davis",33,Male,"First aid, Emergency response",Weekdays,Chennai,"Healthcare"
30,"Ava Turner",24,Female,"Childcare, Tutoring",Evenings,Kolkata,"Youth Development"
31,"Noah Walker",27,Male,"Environmental advocacy, Conservation",Weekdays,Delhi,"Pet and Animal Service"
32,"Isabella Anderson",30,Female,"Medical research, Lab technician",Flexible,Mumbai,"Healthcare"
33,"Ethan Wilson",25,Male,"Computer programming, Web development",Weekends,Bangalore,"Youth Development"
34,"Mia Johnson",28,Female,"Animal rescue, Wildlife rehabilitation",Weekdays,Chennai,"Pet and Animal Service"
35,"Benjamin Turner",26,Male,"Nutrition, Diet planning",Flexible,Kolkata,"Healthcare"
36,"Olivia Hernandez",29,Female,"Mentoring, Career guidance",Weekends,Delhi,"Youth Development"
37,"Sophia Evans",23,Female,"Data analysis, Statistical modeling",Weekdays,Mumbai,"Healthcare"
38,"Noah Lewis",32,Male,"Event planning, Volunteer coordination",Flexible,Bangalore,"Youth Development"
39,"Ava Smith",27,Female,"Wildlife conservation, Environmental education",Weekdays,Chennai,"Pet and Animal Service"
40,"James Adams",26,Male,"Physical therapy, Rehabilitation",Weekends,Kolkata,"Healthcare"
41,"Mia Turner",24,Female,"Art therapy, Special needs support",Evenings,Delhi,"Youth Development"
42,"Benjamin Martinez",29,Male,"Digital marketing, Content creation",Weekdays,Mumbai,"Pet and Animal Service"
43,"Lily Thompson",30,Female,"Clinical research, Data management",Flexible,Bangalore,"Healthcare"
44,"Ethan Walker",25,Male,"Counseling, Crisis intervention",Weekends,Chennai,"Youth Development"
45,"Olivia Harris",27,Female,"Gardening, Urban farming",Weekdays,Kolkata,"Youth Development"
46,"Ethan Wilson",31,Male,"Public speaking, Advocacy",Evenings,Delhi,"Pet and Animal Service"
47,"Ava Roberts",24,Female,"Teaching, English language tutoring",Weekends,Mumbai,"Youth Development"
48,"Benjamin Thompson",28,Male,"Veterinary medicine, Animal surgery",Flexible,Bangalore,"Pet and Animal Service"
49,"Mia Davis",26,Female,"Health education, Community outreach",Weekdays,Chennai,"Healthcare"
50,"Noah Turner",29,Male,"Leadership training, Team building",Weekends,Kolkata,"Youth Development"
51,"Sophia Adams",23,Female,"Graphic design, Visual communication",Flexible,Delhi,"Pet and Animal Service"
52,"James Cooper",32,Male,"Nursing, Geriatric care",Weekdays,Mumbai,"Healthcare"
53,"Mia Hernandez",27,Female,"Research, Data analysis",Evenings,Bangalore,"Youth Development"
54,"Ethan Walker",30,Male,"Dog training, Animal behavior modification",Flexible,Chennai,"Pet and Animal Service"
55,"Olivia Thompson",26,Female,"Occupational therapy, Rehabilitation",Weekdays,Kolkata,"Healthcare"
56,"Benjamin Adams",29,Male,"Mentoring, Youth empowerment",Weekends,Delhi,"Youth Development"
57,"Ava Lewis",24,Female,"Web development, Database management",Weekdays,Mumbai,"Pet and Animal Service"
58,"Noah Johnson",27,Male,"Psychology, Mental health counseling",Flexible,Bangalore,"Healthcare"
59,"Sophia Wilson",31,Female,"Event coordination, Volunteer management",Weekends,Chennai,"Youth Development"
60,"James Roberts",25,Male,"Animal shelter volunteering, Pet adoption support",Weekdays,Kolkata,"Pet and Animal Service"
61,"Mia Davis",28,Female,"Social work, Case management",Evenings,Delhi,"Healthcare"
62,"Benjamin Turner",29,Male,"Teaching, Computer literacy",Weekends,Mumbai,"Youth Development"
63,"Olivia Martinez",23,Female,"Environmental activism, Conservation",Flexible,Bangalore,"Pet and Animal Service"
64,"Ethan Harris",32,Male,"Medical research, Data analysis",Weekdays,Chennai,"Healthcare"
